,group,ptbxl/test_rsmape/dataloader_idx_0,ptbxl/test_mae/dataloader_idx_0,ptbxl/test_r2/dataloader_idx_0,ptbxl/test_pearson/dataloader_idx_0,mimic/test_rsmape/dataloader_idx_1,mimic/test_mae/dataloader_idx_1,mimic/test_r2/dataloader_idx_1,mimic/test_pearson/dataloader_idx_1,cpsc/test_rsmape/dataloader_idx_2,cpsc/test_mae/dataloader_idx_2,cpsc/test_r2/dataloader_idx_2,cpsc/test_pearson/dataloader_idx_2,_runtime,valid_mae,valid_r2,valid_pearson
54,best_code15_xlstm_ft,0.0733141377568245,8.158443450927734,0.6091877222061157,0.801667332649231,0.07674876600503922,9.177998542785645,0.5346010327339172,0.7352187633514404,0.07924851775169373,8.47420597076416,0.6638674736022949,0.8324996829032898,4143,7.059231281280518,0.7776007652282715,0.8830665349960327
61,best_code15_xlstm_ft,0.07358162850141525,8.152361869812012,0.6092743277549744,0.796400249004364,0.07798773050308228,9.305445671081545,0.5178731679916382,0.7254897356033325,0.07998528331518173,8.531315803527832,0.6622170209884644,0.8267139792442322,5146,7.049661636352539,0.7767330408096313,0.8820155262947083
60,best_code15_xlstm_ft,0.07336477935314178,8.119306564331055,0.6136615872383118,0.8000909090042114,0.07697201520204544,9.208579063415527,0.5310953855514526,0.7330610752105713,0.07975946366786957,8.450400352478027,0.6673744916915894,0.8306293487548828,4161,7.100011348724365,0.7761539220809937,0.8812285661697388
50,best_code15_xlstm_ft,0.07243756204843521,7.991077423095703,0.6267213821411133,0.8021596670150757,0.0773361474275589,9.22356128692627,0.5300940275192261,0.7306056618690491,0.07910294830799103,8.394478797912598,0.6730585098266602,0.8295356631278992,3927,7.088212490081787,0.7779103517532349,0.8823829889297485
52,best_code15_xlstm_ft,0.07381407171487808,8.167691230773926,0.6111509799957275,0.7981332540512085,0.07737069576978683,9.22475814819336,0.5278570652008057,0.7303597331047058,0.0798800140619278,8.497673988342285,0.6671421527862549,0.8298586010932922,4838,7.048488616943359,0.7774748802185059,0.8820602893829346
45,best_code15_xlstm_lp,0.0772121250629425,8.561532974243164,0.5747824907302856,0.762235164642334,0.08216039091348648,9.817469596862791,0.4748727679252625,0.6945862174034119,0.08435609191656113,9.01604175567627,0.6346520185470581,0.7987347841262817,3596,8.376225471496582,0.704262375831604,0.839222252368927
46,best_code15_xlstm_lp,0.07726284861564636,8.565985679626465,0.5746129155158997,0.7619907259941101,0.0822080448269844,9.82458209991455,0.4743148684501648,0.6941823959350586,0.08439463376998901,9.020252227783203,0.6347818970680237,0.7985600233078003,3708,8.35155963897705,0.7070326209068298,0.8408761620521545
47,best_code15_xlstm_lp,0.07726296037435532,8.570390701293945,0.5744659900665283,0.7620708346366882,0.082131527364254,9.818732261657717,0.47476667165756226,0.6935479044914246,0.08446576446294785,9.029470443725586,0.6333759427070618,0.7983968257904053,3677,8.36572551727295,0.7045597434043884,0.8393832445144653
48,best_code15_xlstm_lp,0.07733757048845291,8.573395729064941,0.5740480422973633,0.7616324424743652,0.08229842782020569,9.834200859069824,0.47317731380462646,0.6934824585914612,0.08437152206897736,9.01569652557373,0.6350769996643066,0.7989866137504578,3999,8.376935005187988,0.7054030895233154,0.839908242225647
49,best_code15_xlstm_lp,0.0773635134100914,8.575228691101074,0.5734906792640686,0.7616469264030457,0.08231823891401291,9.836241722106934,0.4730450510978699,0.6939349174499512,0.08442665636539459,9.023741722106934,0.6344375610351562,0.7977004051208496,4025,8.388153076171875,0.703719973564148,0.8389056921005249
72,best_dinoecg_xlstm_ft,0.06846769154071808,7.546398162841797,0.6691869497299194,0.8237597346305847,0.07386460900306702,8.852555274963379,0.5680388808250427,0.7536806464195251,0.0724029466509819,7.684521675109863,0.7244511246681213,0.8521618843078613,4239,6.625033855438232,0.8028444647789001,0.8961946964263916
71,best_dinoecg_xlstm_ft,0.06817858666181564,7.514010429382324,0.6727490425109863,0.8253575563430786,0.07417856901884079,8.885537147521973,0.5640363693237305,0.7510321140289307,0.0729561597108841,7.720865249633789,0.7232904434204102,0.8525372743606567,3533,6.620373725891113,0.7991650104522705,0.8946387767791748
70,best_dinoecg_xlstm_ft,0.0677657276391983,7.480858325958252,0.669605016708374,0.8230932950973511,0.07332150638103485,8.766938209533691,0.5731778740882874,0.7586625218391418,0.0738348588347435,7.822247982025147,0.7157889604568481,0.8504850268363953,3638,6.596153736114502,0.8039212822914124,0.8971718549728394
74,best_dinoecg_xlstm_ft,0.06643213331699371,7.337950706481934,0.6823145747184753,0.832201361656189,0.07296083122491837,8.727701187133789,0.5786876678466797,0.7612536549568176,0.07290229946374893,7.777711391448975,0.7170143127441406,0.8518828749656677,4141,6.639732360839844,0.7996567487716675,0.8947733640670776
73,best_dinoecg_xlstm_ft,0.06844912469387054,7.569135665893555,0.6612402200698853,0.823199450969696,0.07388554513454437,8.841994285583496,0.5628418922424316,0.7517338395118713,0.0722789466381073,7.715186595916748,0.7185561656951904,0.8531416654586792,4108,6.626399993896484,0.8014801144599915,0.8962389230728149
67,best_dinoecg_xlstm_lp,0.07022075355052948,7.749701499938965,0.6512628793716431,0.8106685280799866,0.07741954177618027,9.286343574523926,0.5303577184677124,0.7302180528640747,0.07763342559337616,8.269451141357422,0.6894426345825195,0.8368682265281677,4514,7.719597339630127,0.7478823661804199,0.8648495078086853
64,best_dinoecg_xlstm_lp,0.07039868831634521,7.771005630493164,0.649456262588501,0.8102100491523743,0.07748714834451675,9.29498291015625,0.5291638374328613,0.7304448485374451,0.07770583033561707,8.281651496887207,0.6882069706916809,0.8367207646369934,3951,7.732374668121338,0.7464126348495483,0.8639644980430603
69,best_dinoecg_xlstm_lp,0.07041223347187042,7.767426013946533,0.6494005918502808,0.809908390045166,0.07735749334096909,9.277793884277344,0.5308634042739868,0.7310931086540222,0.07776061445474625,8.286615371704102,0.6880604028701782,0.836452841758728,4156,7.738661289215088,0.7452608346939087,0.8632858395576477
66,best_dinoecg_xlstm_lp,0.07027741521596909,7.759381294250488,0.6502687931060791,0.8104970455169678,0.07740368694067001,9.28432559967041,0.5302329063415527,0.7308766841888428,0.07757826894521713,8.27338981628418,0.6888408660888672,0.8370508551597595,4528,7.761603355407715,0.7443420886993408,0.8627585172653198
68,best_dinoecg_xlstm_lp,0.0704667791724205,7.769448757171631,0.6493659615516663,0.8098984360694885,0.07732710987329483,9.274663925170898,0.5312126874923706,0.7306729555130005,0.07749848067760468,8.246173858642578,0.6911135911941528,0.8371804356575012,4442,7.767457485198975,0.7456180453300476,0.8635084629058838
65,best_ecgcpc_ft,0.07592619955539703,8.31221866607666,0.5895721316337585,0.789934515953064,0.08152945339679718,9.69895362854004,0.4828482270240784,0.72933429479599,0.08750738948583603,9.071775436401367,0.6210274696350098,0.8172541856765747,9997,7.272826671600342,0.7609401941299438,0.8780839443206787
63,best_ecgcpc_ft,0.07344675809144974,8.059800148010254,0.6128321886062622,0.7974741458892822,0.07957921922206879,9.492161750793455,0.5035346746444702,0.7278664112091064,0.08776795119047165,9.061320304870604,0.617583155632019,0.8112432360649109,9538,7.229995250701904,0.7642630338668823,0.8796461820602417
58,best_ecgcpc_ft,0.07340257614850998,8.063490867614746,0.6162161827087402,0.798947274684906,0.07782765477895737,9.344414710998535,0.5235835313796997,0.7336385846138,0.08370929211378098,8.738434791564941,0.6491729021072388,0.8231222629547119,9566,7.187417984008789,0.7666935920715332,0.8788655996322632
62,best_ecgcpc_ft,0.07440119236707687,8.140616416931152,0.6049643754959106,0.7992966175079346,0.07846637070178986,9.354267120361328,0.5194497108459473,0.7410245537757874,0.08767621219158173,9.033559799194336,0.6223610639572144,0.8189198970794678,10236,7.286933422088623,0.7583136558532715,0.8769786953926086
59,best_ecgcpc_ft,0.07440288364887238,8.157845497131348,0.6032341718673706,0.7947729825973511,0.07936080545186996,9.486626625061035,0.5053083896636963,0.7295709848403931,0.08413422107696533,8.789636611938477,0.6439396142959595,0.8215547204017639,10105,7.258823871612549,0.7644366025924683,0.8792339563369751
55,best_ecgcpc_lp,0.10050150007009506,11.023999214172363,0.30757784843444824,0.6090015172958374,0.11319412291049956,13.281124114990234,0.0879402756690979,0.5425602197647095,0.1177111342549324,12.58628273010254,0.32894670963287354,0.607395589351654,7879,12.278480529785156,0.4176962375640869,0.6479744911193848
57,best_ecgcpc_lp,0.10049709677696228,11.045615196228027,0.3050612211227417,0.6071320176124573,0.11272025853395462,13.233054161071776,0.09370243549346924,0.5413106083869934,0.11748982965946198,12.56279468536377,0.33053356409072876,0.6046556830406189,7698,12.30659008026123,0.4122880697250366,0.6433236598968506
53,best_ecgcpc_lp,0.100316621363163,11.05531120300293,0.3047044277191162,0.6052867770195007,0.11211182177066804,13.179338455200195,0.1011885404586792,0.5421996116638184,0.1170218363404274,12.528729438781738,0.33425164222717285,0.6036810278892517,7374,12.291909217834473,0.4124371409416199,0.643561065196991
51,best_ecgcpc_lp,0.1003398671746254,11.045315742492676,0.30606502294540405,0.607097864151001,0.11246100813150406,13.213679313659668,0.09658604860305786,0.5413519144058228,0.11718975752592088,12.541341781616213,0.33317601680755615,0.605236828327179,7350,12.299818992614746,0.4141162037849426,0.6450449228286743
56,best_ecgcpc_lp,0.10034316778182983,11.048551559448242,0.305883526802063,0.6063401103019714,0.111818827688694,13.158501625061035,0.10409069061279295,0.5422850847244263,0.1172131970524788,12.54596996307373,0.332627534866333,0.604337751865387,6725,12.319511413574219,0.4138537645339966,0.645104706287384
15,best_ecgfm_ft,0.07072768360376358,7.819458961486816,0.6436334848403931,0.8139968514442444,0.07383880764245987,8.870245933532715,0.5707367658615112,0.7599182724952698,0.07672568410634995,8.114789962768555,0.696300208568573,0.8433869481086731,11714,6.555036544799805,0.8066000938415527,0.8984626531600952
9,best_ecgfm_ft,0.070908322930336,7.83599328994751,0.6360849142074585,0.8082096576690674,0.07616027444601059,9.13693141937256,0.5428506135940552,0.7480706572532654,0.07761199027299881,8.200175285339355,0.6894751787185669,0.8405839800834656,7676,6.771617412567139,0.7940858602523804,0.8960220217704773
17,best_ecgfm_ft,0.06920544058084488,7.65062427520752,0.657782793045044,0.8202575445175171,0.07455786317586899,8.985398292541504,0.5617076754570007,0.7511710524559021,0.0764743760228157,8.137443542480469,0.6933366060256958,0.8399905562400818,7598,6.7064433097839355,0.7976983785629272,0.8942320942878723
16,best_ecgfm_ft,0.06987734884023666,7.65104866027832,0.6583278179168701,0.8165280222892761,0.0735521987080574,8.828925132751465,0.5754473209381104,0.7600721120834351,0.076500803232193,8.114787101745605,0.6923695802688599,0.8401076793670654,6935,6.66026496887207,0.8014578819274902,0.8963186740875244
8,best_ecgfm_ft,0.07273674756288528,8.02907657623291,0.6191253662109375,0.8021714687347412,0.07523338496685028,9.039071083068848,0.547359824180603,0.7497693300247192,0.07870660722255707,8.344822883605957,0.672724187374115,0.8357554078102112,7532,6.715566635131836,0.796676754951477,0.8938028216362
12,best_ecgfm_lp,0.08453143388032913,9.31106948852539,0.5080258846282959,0.7230262756347656,0.08806273341178894,10.578990936279297,0.39968758821487427,0.6422710418701172,0.0943838581442833,10.041352272033691,0.5594513416290283,0.7488065958023071,11015,9.28935718536377,0.6446975469589233,0.8029340505599976
23,best_ecgfm_lp,0.08460944145917892,9.317362785339355,0.5074273347854614,0.7220625281333923,0.08824630826711655,10.59981918334961,0.3969426155090332,0.641036868095398,0.0942673459649086,10.03110408782959,0.5598596334457397,0.7487204074859619,8622,9.28747272491455,0.6462947726249695,0.8039426803588867
22,best_ecgfm_lp,0.08462108671665192,9.31785488128662,0.5073052644729614,0.7227084636688232,0.08810387551784515,10.586215019226074,0.39903849363327026,0.6417204737663269,0.09437929838895798,10.0447416305542,0.5591864585876465,0.7485890984535217,10063,9.334839820861816,0.6420801877975464,0.8013100028038025
20,best_ecgfm_lp,0.08451380580663681,9.304838180541992,0.5085210800170898,0.7231618762016296,0.08809661120176315,10.583069801330566,0.3993520736694336,0.6412726044654846,0.0943550243973732,10.035736083984377,0.5599427223205566,0.7489531636238098,10454,9.35643196105957,0.6400564908981323,0.800041675567627
10,best_ecgfm_lp,0.08385912328958511,9.235981941223145,0.5119714736938477,0.7190222144126892,0.08982408791780472,10.773491859436035,0.37498313188552856,0.6381181478500366,0.09397650510072708,10.027094841003418,0.5590702295303345,0.7487429976463318,5045,9.40824031829834,0.6371252536773682,0.7985701560974121
0,best_jepa_ft,0.06841831654310226,7.648810863494873,0.6519216299057007,0.824921727180481,0.07289907336235046,8.77896499633789,0.5725029706954956,0.7612418532371521,0.07394980639219284,7.956898212432861,0.7013038992881775,0.8524219393730164,15001,6.2820234298706055,0.8185648918151855,0.9058262705802917
7,best_jepa_ft,0.06736712157726288,7.451193809509277,0.6724265813827515,0.828691303730011,0.07241090387105942,8.699034690856934,0.5833033323287964,0.7644467949867249,0.07377912849187851,7.915998935699463,0.7060262560844421,0.8504473567008972,12396,6.310390949249268,0.8178879022598267,0.9056191444396973
3,best_jepa_ft,0.06895866990089417,7.739744663238525,0.6432462930679321,0.8255327343940735,0.07332473248243332,8.838118553161621,0.565851092338562,0.758591890335083,0.07382619380950928,8.002197265625,0.6935316324234009,0.8530641198158264,13476,6.306725025177002,0.8173549175262451,0.9050903916358948
6,best_jepa_ft,0.07208885997533798,8.1836519241333,0.6065508127212524,0.8269370198249817,0.0741659551858902,8.954331398010254,0.5527164936065674,0.7619567513465881,0.07680930197238922,8.432787895202637,0.6616325974464417,0.8511697053909302,14594,6.3486008644104,0.8122773766517639,0.9048035144805908
21,best_jepa_ft,0.06922821700572968,7.743933200836182,0.6446954011917114,0.8260928988456726,0.0726202204823494,8.735031127929688,0.5748797059059143,0.7641637921333313,0.0746539756655693,8.04701042175293,0.6906499862670898,0.8501634001731873,16448,6.313247203826904,0.8140815496444702,0.9056867957115173
13,best_jepa_lp,0.07557950168848038,8.368910789489746,0.5954408645629883,0.7770298719406128,0.08303222060203552,9.986723899841309,0.462429404258728,0.6808116436004639,0.08308739215135574,8.89226245880127,0.6497558355331421,0.8067825436592102,8983,7.938675880432129,0.731907308101654,0.8555361032485962
14,best_jepa_lp,0.07563192397356033,8.378768920898438,0.5944858193397522,0.7769432663917542,0.08302754908800125,9.98801040649414,0.4621662497520447,0.6809470057487488,0.08315099030733109,8.892876625061035,0.6493840217590332,0.8063283562660217,9240,7.978140830993652,0.7286949753761292,0.8536559343338013
18,best_jepa_lp,0.07559464126825333,8.372797012329102,0.5954263210296631,0.7777850031852722,0.08300047367811203,9.982867240905762,0.46280038356781006,0.6817192435264587,0.08297386765480042,8.87057113647461,0.6510663032531738,0.8072211146354675,9049,7.931667327880859,0.7326115965843201,0.8559725284576416
11,best_jepa_lp,0.07585164159536362,8.406143188476562,0.5926706790924072,0.776960015296936,0.08291614800691605,9.967902183532717,0.4642373919486999,0.6831704378128052,0.08284123241901398,8.85482406616211,0.6512434482574463,0.8071578145027161,8935,7.953938007354736,0.7317330241203308,0.8554301261901855
19,best_jepa_lp,0.07560860365629196,8.37525749206543,0.5947684049606323,0.7771729826927185,0.08294378221035004,9.9745512008667,0.46359574794769287,0.6819776892662048,0.08307727426290512,8.889201164245605,0.6499260663986206,0.8065803647041321,9056,7.958863258361816,0.7303719520568848,0.8546769618988037
28,best_stmem_ft,0.06710212677717209,7.4659318923950195,0.6709573268890381,0.837640106678009,0.06782080233097076,8.140433311462402,0.6363911628723145,0.7998702526092529,0.06787899881601334,7.213034629821777,0.7584258317947388,0.8778443932533264,6295,5.973081111907959,0.8389026522636414,0.9166725873947144
25,best_stmem_ft,0.06764525175094604,7.460245132446289,0.6684468984603882,0.8393276333808899,0.06798427551984787,8.180155754089355,0.6319791078567505,0.796751856803894,0.06741128861904144,7.195371627807617,0.7557485103607178,0.8771384954452515,7823,6.033311367034912,0.8337655663490295,0.9138997793197632
29,best_stmem_ft,0.06610795110464096,7.329999446868896,0.6806771755218506,0.8374912738800049,0.06838740408420563,8.208319664001465,0.6283754110336304,0.7956040501594543,0.06680940836668015,7.105485916137695,0.7647833228111267,0.8793510794639587,7778,5.9534101486206055,0.8384455442428589,0.9156751036643982
27,best_stmem_ft,0.0653771460056305,7.211679935455322,0.6933509111404419,0.8405337333679199,0.0674576535820961,8.125667572021484,0.6399285793304443,0.8021836280822754,0.06733136624097824,7.112268924713135,0.7673895359039307,0.879523515701294,9300,6.022119522094727,0.8369048833847046,0.9155137538909912
26,best_stmem_ft,0.0671604722738266,7.409208297729492,0.6757878065109253,0.8321194648742676,0.0683513954281807,8.216254234313965,0.629607081413269,0.7963017225265503,0.06603463739156723,7.023061752319336,0.7696667313575745,0.8801395893096924,8130,6.055751800537109,0.8375740051269531,0.9156076312065125
24,best_stmem_lp,0.08867057412862778,9.739217758178713,0.4594888687133789,0.6875462532043457,0.09665263444185256,11.471814155578612,0.3064495921134949,0.6422653794288635,0.1032041162252426,11.028416633605955,0.4772514104843139,0.7108664512634277,10160,12.156828880310059,0.4205390214920044,0.6497737169265747
5,best_stmem_lp,0.08882756531238556,9.755956649780272,0.4577134847640991,0.686906635761261,0.09707238525152206,11.517560005187988,0.3011550307273865,0.6411920189857483,0.10351407527923584,11.062149047851562,0.4745086431503296,0.7098128795623779,7671,12.21438217163086,0.41618192195892334,0.6462209224700928
4,best_stmem_lp,0.08883541822433472,9.754576683044434,0.4578176736831665,0.686907947063446,0.0970715656876564,11.513678550720217,0.3016776442527771,0.6419922113418579,0.10328008234500884,11.03770351409912,0.4764636754989624,0.7111398577690125,6836,12.226289749145508,0.4152732491493225,0.6456665396690369
2,best_stmem_lp,0.08894090354442596,9.76688003540039,0.45639997720718384,0.6863930225372314,0.09772972762584686,11.589417457580566,0.2931416630744934,0.6398801803588867,0.10404155403375626,11.122445106506348,0.4694651961326599,0.7088170051574707,7641,12.194585800170898,0.4167602062225342,0.6468736529350281
1,best_stmem_lp,0.0888766273856163,9.76402187347412,0.4568918347358704,0.6867452263832092,0.09743016958236694,11.560760498046877,0.2962424159049988,0.6401234865188599,0.10373544692993164,11.091452598571776,0.4721091389656067,0.7096999883651733,6815,12.186776161193848,0.4177233576774597,0.6476902961730957
76,best_trans_ft,0.08248065412044525,8.998777389526367,0.5264944434165955,0.7492899298667908,0.08457446098327637,10.03299045562744,0.4469675421714782,0.6878207921981812,0.09129239618778227,9.68079662322998,0.5610053539276123,0.7670658230781555,2096,7.8152594566345215,0.7251073122024536,0.8532761931419373
80,best_trans_ft,0.08053003251552582,8.886707305908203,0.5396384000778198,0.7567694783210754,0.0835098996758461,9.954630851745604,0.4544450640678406,0.6792555451393127,0.09022939205169678,9.658265113830566,0.5640546083450317,0.7717546820640564,3505,7.847625255584717,0.7253820896148682,0.8531813025474548
78,best_trans_ft,0.0790526494383812,8.627359390258789,0.5741718411445618,0.7641682028770447,0.08241225779056549,9.81121063232422,0.4783143997192383,0.6919496655464172,0.08700429648160934,9.23667049407959,0.6071415543556213,0.7847617864608765,2770,7.864975929260254,0.7222940921783447,0.8505633473396301
77,best_trans_ft,0.0805429145693779,8.814122200012207,0.5476584434509277,0.7511048316955566,0.08580423891544342,10.219666481018066,0.4258346557617187,0.6591238379478455,0.0896398276090622,9.509138107299805,0.5734978914260864,0.7677908539772034,4095,7.884654521942139,0.7227991819381714,0.8508510589599609
75,best_trans_ft,0.07824265211820602,8.578855514526367,0.5702347755432129,0.7659960389137268,0.08151890337467194,9.70906925201416,0.4847729802131653,0.697938859462738,0.08828220516443253,9.42404079437256,0.5842124223709106,0.7750426530838013,2703,7.8482489585876465,0.7277853488922119,0.8535104393959045
82,best_trans_lp,0.08154596388339996,8.91600227355957,0.5463156700134277,0.7415313720703125,0.0844932347536087,10.078285217285156,0.4531423449516296,0.6857889294624329,0.09023217856884004,9.61375331878662,0.5935218334197998,0.7722058892250061,5294,8.898639678955078,0.6539304256439209,0.8116630911827087
81,best_trans_lp,0.08119916170835495,8.881552696228027,0.5506623983383179,0.7433100342750549,0.08403388410806656,10.024088859558104,0.45955735445022583,0.685524046421051,0.0899481475353241,9.579821586608888,0.5965612530708313,0.7737048268318176,6163,8.912674903869629,0.6531100273132324,0.8108116984367371
79,best_trans_lp,0.08096245676279068,8.851827621459961,0.553418755531311,0.7451955080032349,0.0837474912405014,9.98793601989746,0.4628004431724548,0.6885450482368469,0.08966290950775146,9.54318141937256,0.5986461043357849,0.7747226357460022,3761,8.819355964660645,0.6604280471801758,0.8151593208312988
84,best_trans_lp,0.08147403597831726,8.904937744140625,0.5499887466430664,0.7428946495056152,0.08371678739786148,9.98231029510498,0.4642391800880432,0.6867119669914246,0.08990709483623505,9.55545711517334,0.5986673831939697,0.7745206952095032,6322,8.840624809265137,0.6575757265090942,0.8127253651618958
83,best_trans_lp,0.08133339881896973,8.891880989074707,0.5510114431381226,0.7433871626853943,0.08413049578666687,10.036639213562012,0.4584008455276489,0.6856158375740051,0.08978777378797531,9.56112003326416,0.5984503030776978,0.7745822668075562,6322,8.85381031036377,0.660128116607666,0.8137473464012146
39,best_xlstm_ft,0.07114201039075851,7.813679695129395,0.6396697759628296,0.8133633732795715,0.07447885721921921,8.888944625854492,0.5584927797317505,0.7549800872802734,0.07553636282682419,8.032541275024414,0.6994508504867554,0.8443111777305603,7006,6.659781455993652,0.7974924445152283,0.8941871523857117
38,best_xlstm_ft,0.06986747682094574,7.73108434677124,0.6474889516830444,0.8159154653549194,0.07495780289173126,8.977993965148926,0.5513522624969482,0.7454051375389099,0.07427109777927399,7.913513660430908,0.7059224843978882,0.8459590673446655,6877,6.714508056640625,0.7964819669723511,0.8929356336593628
37,best_xlstm_ft,0.07016752660274506,7.753699779510498,0.642096996307373,0.8144797682762146,0.07476318627595901,8.939200401306152,0.550148606300354,0.7475730776786804,0.0739256888628006,7.899284362792969,0.7073341608047485,0.8485976457595825,7563,6.691157817840576,0.7978724241256714,0.8945162892341614
36,best_xlstm_ft,0.06966326385736465,7.6833720207214355,0.6505230665206909,0.8205278515815735,0.07325828820466995,8.757282257080078,0.572704553604126,0.7611252665519714,0.07532051205635071,7.987975120544434,0.7031595706939697,0.8485011458396912,7258,6.710775852203369,0.7945196628570557,0.8925472497940063
35,best_xlstm_ft,0.06962098926305771,7.701744079589844,0.6486296057701111,0.8169242739677429,0.07432761043310165,8.881821632385254,0.5595618486404419,0.7509209513664246,0.07367288321256638,7.871124267578125,0.7088119983673096,0.8493919968605042,7545,6.709625720977783,0.7955406904220581,0.8926594257354736
34,best_xlstm_lp,0.0724826529622078,7.967118263244629,0.6322170495986938,0.8026365041732788,0.07834448665380478,9.383761405944824,0.5201539397239685,0.7267429828643799,0.07972246408462524,8.49153995513916,0.6741369962692261,0.826245129108429,6719,8.782206535339355,0.6686760187149048,0.8177409768104553
33,best_xlstm_lp,0.07242145389318466,7.960814952850342,0.632691502571106,0.8028139472007751,0.07862451672554016,9.415275573730469,0.517361044883728,0.726552426815033,0.07957468181848526,8.475005149841309,0.6755606532096863,0.8266057372093201,5746,8.769721031188965,0.6723220348358154,0.8200010061264038
32,best_xlstm_lp,0.07279009371995926,7.98954963684082,0.6304227709770203,0.8023874759674072,0.07871818542480469,9.424921035766602,0.5166078209877014,0.7262925505638123,0.07961118221282959,8.47379207611084,0.676094651222229,0.8268659114837646,6220,8.750175476074219,0.6704932451248169,0.8188519477844238
31,best_xlstm_lp,0.0725865438580513,7.975413322448731,0.6313741207122803,0.8025720119476318,0.07843615114688873,9.391950607299805,0.5195340514183044,0.7272994518280029,0.0794653594493866,8.45434284210205,0.6775410175323486,0.8274110555648804,6838,8.761885643005371,0.6705482006072998,0.818873941898346
30,best_xlstm_lp,0.07276685535907745,7.987461566925049,0.6305580139160156,0.8026394844055176,0.07874398678541183,9.425488471984863,0.5165385007858276,0.7264988422393799,0.07954876124858856,8.464240074157715,0.6767359972000122,0.827111005783081,6681,8.785295486450195,0.668224573135376,0.8174512386322021
43,best_xlstm_sup,0.07529160380363464,8.32286548614502,0.5873513221740723,0.7837570905685425,0.08221505582332611,9.820160865783691,0.4574266076087952,0.6934213042259216,0.08225370198488235,8.811996459960938,0.6315401792526245,0.8060621619224548,3856,7.94450569152832,0.7183486223220825,0.8491010665893555
41,best_xlstm_sup,0.07477685064077377,8.288209915161133,0.5933148860931396,0.7870146036148071,0.08102342486381531,9.690549850463867,0.4734236598014831,0.6998798251152039,0.08244722336530685,8.81591510772705,0.6346722841262817,0.8043802976608276,5193,7.975744724273682,0.7170454263687134,0.8496158123016357
40,best_xlstm_sup,0.07489971071481705,8.271584510803223,0.5998932719230652,0.7839112281799316,0.07965724915266037,9.500191688537598,0.49851661920547485,0.7091467976570129,0.0804888904094696,8.599570274353027,0.6570693254470825,0.8129533529281616,4749,8.005617141723633,0.7195361256599426,0.8507408499717712
44,best_xlstm_sup,0.07459839433431625,8.24561595916748,0.5962026119232178,0.7834327220916748,0.08044622838497162,9.633862495422363,0.4855992794036865,0.7027921080589294,0.08381471037864685,8.92177963256836,0.6283445358276367,0.7991788387298584,3957,7.9603495597839355,0.7162023186683655,0.8502164483070374
42,best_xlstm_sup,0.07412303239107132,8.153829574584961,0.607552170753479,0.7865549921989441,0.08066985011100769,9.615530967712402,0.4846818447113037,0.711226761341095,0.08202937245368958,8.745903968811035,0.6428115367889404,0.8062347173690796,4964,8.004143714904785,0.7204723358154297,0.8498700857162476
