,group,test_acc,test_f1,test_auc,_runtime
63,best_code15_xlstm_ft,0.8147611021995544,0.7510324716567993,0.8826403617858887,7756.806796462
56,best_code15_xlstm_ft,0.8117462992668152,0.7314531207084656,0.8826007843017578,7763.076464847
61,best_code15_xlstm_ft,0.7821776270866394,0.6839935779571533,0.8672016859054565,7733.219331627
62,best_code15_xlstm_ft,0.7882652878761292,0.6816596984863281,0.8725121021270752,7762.959138058
64,best_code15_xlstm_ft,0.7904684543609619,0.712031900882721,0.8689862489700317,7785.450776842
55,best_code15_xlstm_lp,0.7533627152442932,0.6349751353263855,0.7882642149925232,3610.801802658
57,best_code15_xlstm_lp,0.6921961903572083,0.6370410919189453,0.7742495536804199,3631.090472991
58,best_code15_xlstm_lp,0.7662337422370911,0.6599763631820679,0.8477438688278198,3622.801561135
59,best_code15_xlstm_lp,0.7110389471054077,0.5930764079093933,0.7623651027679443,3609.619526932
60,best_code15_xlstm_lp,0.7473330497741699,0.6799823641777039,0.8087345361709595,3612.62318914
71,best_dinoecg_xlstm_ft,0.8060064911842346,0.730985701084137,0.8570290803909302,5487.306815694
72,best_dinoecg_xlstm_ft,0.7879754304885864,0.7301306128501892,0.8671137094497681,5519.424709927
70,best_dinoecg_xlstm_ft,0.7975417375564575,0.727059543132782,0.8714425563812256,5575.71447849
74,best_dinoecg_xlstm_ft,0.7696544528007507,0.7029976844787598,0.8644976615905762,5489.678275794
73,best_dinoecg_xlstm_ft,0.690514862537384,0.4351322650909424,0.7832617163658142,5467.420052667
65,best_dinoecg_xlstm_lp,0.7653641104698181,0.6509702205657959,0.8082796335220337,2082.101374112
66,best_dinoecg_xlstm_lp,0.789482831954956,0.7029370665550232,0.861107587814331,2062.085301956
67,best_dinoecg_xlstm_lp,0.7949907183647156,0.7268654704093933,0.8770337700843811,2043.447118059
68,best_dinoecg_xlstm_lp,0.8227620720863342,0.7381135821342468,0.8992118835449219,2043.047036942
69,best_dinoecg_xlstm_lp,0.7865259647369385,0.7179840803146362,0.8615182042121887,2030.39982715
84,best_ecgcpc_ft,0.8968576192855835,0.8616748452186584,0.9579458236694336,81581.768860292
83,best_ecgcpc_ft,0.8540700078010559,0.7866406440734863,0.9372906684875488,82066.746477752
82,best_ecgcpc_ft,0.8349373936653137,0.7564793229103088,0.8961904048919678,81184.566084735
81,best_ecgcpc_ft,0.8762755393981934,0.8451828360557556,0.9514054656028748,81810.074276466
80,best_ecgcpc_ft,0.8554614782333374,0.7885316610336304,0.9322794675827026,81901.039470104
78,best_ecgcpc_lp,0.5586734414100647,0.037917088717222214,0.6895040273666382,15371.435441662
77,best_ecgcpc_lp,0.7143436670303345,0.4757952988147736,0.8319849967956543,15374.833729618
79,best_ecgcpc_lp,0.6030264496803284,0.3996492624282837,0.6623291969299316,15368.112110898
75,best_ecgcpc_lp,0.6782235503196716,0.5494398474693298,0.7284078598022461,15370.383864635
76,best_ecgcpc_lp,0.7110389471054077,0.619948148727417,0.7599861025810242,15402.857316119
12,best_ecgfm_ft,0.6830357313156128,0.6071710586547852,0.7093273401260376,25452.467722342
13,best_ecgfm_ft,0.6789772510528564,0.6208832859992981,0.7068984508514404,25108.545698524
14,best_ecgfm_ft,0.7774814367294312,0.6907332539558411,0.8638920783996582,24895.221717126
1,best_ecgfm_ft,0.7740027904510498,0.6741892099380493,0.8387753963470459,25129.30133908
15,best_ecgfm_ft,0.7157931327819824,0.6396648287773132,0.7730737924575806,25173.36853836
43,best_ecgfm_lp,0.8231099247932434,0.7649279832839966,0.888617992401123,7048.968288148
45,best_ecgfm_lp,0.6778756976127625,0.589296281337738,0.7743334770202637,6968.694540037
44,best_ecgfm_lp,0.736433207988739,0.6855285167694092,0.7879260182380676,6951.261655452
42,best_ecgfm_lp,0.6801367998123169,0.6461873650550842,0.7015866041183472,6906.022413329
27,best_ecgfm_lp,0.7179962992668152,0.6428781151771545,0.731903076171875,6477.128082427
3,best_jepa_ft,0.6393204927444458,0.5110430121421814,0.6977356672286987,47763.760848748
19,best_jepa_ft,0.6232606768608093,0.41066569089889526,0.6528197526931763,47542.049186017
18,best_jepa_ft,0.6357258558273315,0.49252888560295105,0.6711219549179077,47165.103472325
17,best_jepa_ft,0.6674396991729736,0.36266666650772095,0.7141207456588745,47160.477524936
16,best_jepa_ft,0.6483650207519531,0.5292976498603821,0.7163909077644348,47959.524037949
29,best_jepa_lp,0.7008348703384399,0.581576406955719,0.7564458250999451,20264.001794486
46,best_jepa_lp,0.5991419553756714,0.4072359502315521,0.6417823433876038,20090.594589476
47,best_jepa_lp,0.6201298832893372,0.482464462518692,0.6553863286972046,19889.503784224
48,best_jepa_lp,0.623666524887085,0.5408502221107483,0.6545052528381348,19896.685569009
49,best_jepa_lp,0.6021567583084106,0.30868425965309143,0.6263378858566284,19848.493851317
22,best_stmem_ft,0.6297561526298523,0.6296337246894836,0.7259854078292847,9519.18802462
21,best_stmem_ft,0.6366479396820068,0.6365905404090881,0.7325608134269714,9521.877540338
20,best_stmem_ft,0.5128858685493469,0.4936438500881195,0.6822684407234192,9506.659857482
24,best_stmem_ft,0.5526148080825806,0.544273853302002,0.700219452381134,9474.917646613
23,best_stmem_ft,0.6024787425994873,0.6015289425849915,0.6602562665939331,9379.684521071
33,best_stmem_lp,0.5611281394958496,0.5562685132026672,0.571552038192749,3998.268531807
34,best_stmem_lp,0.5837146043777466,0.5833055377006531,0.6418998837471008,3977.426524005
35,best_stmem_lp,0.5454334616661072,0.5430617332458496,0.618687093257904,3980.535254082
36,best_stmem_lp,0.5327503085136414,0.5308843851089478,0.594151496887207,3977.731326685
28,best_stmem_lp,0.5714947581291199,0.5587727427482605,0.567427396774292,3953.153279888
9,best_trans_ft,0.5467880368232727,0.5562304854393005,0.6241751313209534,23055.066402785
8,best_trans_ft,0.6005333662033081,0.5323106050491333,0.6750407218933105,23000.916649272
2,best_trans_ft,0.6908627152442932,0.543649435043335,0.7196415662765503,23030.246484574
11,best_trans_ft,0.6012291312217712,0.571090042591095,0.6555747985839844,23074.417674272
10,best_trans_ft,0.6357258558273315,0.6214832067489624,0.7295475006103516,23060.168101328
39,best_trans_lp,0.6311461329460144,0.5922341346740723,0.5819082260131836,395.185173065
38,best_trans_lp,0.665257453918457,0.6473694443702698,0.6515565514564514,417.543173998
40,best_trans_lp,0.7286152839660645,0.709815263748169,0.6989773511886597,408.814879585
41,best_trans_lp,0.6476516127586365,0.6287001371383667,0.6334776282310486,423.074781799
37,best_trans_lp,0.6651995182037354,0.6497898697853088,0.6559861898422241,415.838237884
0,best_xlstm_ft,0.8482722640037537,0.8132448196411133,0.9241725206375122,7805.096859402
4,best_xlstm_ft,0.8632305264472961,0.8232826590538025,0.9331611394882202,7780.096523962
5,best_xlstm_ft,0.868100643157959,0.830464243888855,0.936632513999939,7748.299042211
6,best_xlstm_ft,0.83708256483078,0.76822829246521,0.9159744381904602,7742.648974076
7,best_xlstm_ft,0.8545918464660645,0.7983274459838867,0.929255485534668,7705.872331814
26,best_xlstm_lp,0.8167903423309326,0.7592931389808655,0.8817227482795715,3670.659832595
32,best_xlstm_lp,0.7995709776878357,0.7503790855407715,0.8659141659736633,3639.975847373
31,best_xlstm_lp,0.7913381457328796,0.687938928604126,0.8505071401596069,3654.289797872
30,best_xlstm_lp,0.8293135166168213,0.7628483772277832,0.903190016746521,3678.801490628
25,best_xlstm_lp,0.822182297706604,0.7599592804908752,0.8943145275115967,3660.882506643
51,best_xlstm_sup,0.7953385710716248,0.73016357421875,0.8592502474784851,9533.137530238
52,best_xlstm_sup,0.7136479616165161,0.6821545958518982,0.8224311470985413,9529.49929153
53,best_xlstm_sup,0.7482026815414429,0.7084648013114929,0.8417913913726807,9497.05645866
54,best_xlstm_sup,0.7751043438911438,0.6523882150650024,0.840603768825531,9481.539909683
50,best_xlstm_sup,0.7386943697929382,0.6033617854118347,0.8073639273643494,9554.369106932
